prompt,response,confidence,length,similarity,rating
Explain the significance of quantum computing.,"Quantum computing is significant because it has the potential to revolutionize the field of computing by drastically increasing processing power and efficiency compared to classical computers. 

One of the key features of quantum computing is its ability to perform calculations using quantum bits, or qubits, which can exist in multiple states simultaneously. This allows quantum computers to process a vast amount of information in parallel, making them capable of solving complex problems much faster than classical computers. 

Quantum computing has the potential to greatly impact fields such as cryptography, material science, drug discovery, artificial intelligence, and optimization problems. It could also lead to breakthroughs in areas such as climate modeling, financial modeling, and machine learning.

Overall, the significance of quantum computing lies in its ability to tackle problems that are currently beyond the reach of classical computers, leading to advancements in various fields and potentially revolutionizing the way we approach and solve complex problems in the future.",1,1096,[[54.375614]],5
Explain the significance of quantum computing.,Mistral API error occurred.,0,27,[[63.726204]],5
Explain the significance of quantum computing.,"Quantum computing is significant for several reasons:

1. **Solving Complex Problems**: Quantum computers can solve complex problems that are too difficult for classical computers or supercomputers. These problems include optimization, simulation of quantum systems, and certain types of cryptography.

2. **Speed and Efficiency**: Quantum computers can perform certain calculations exponentially faster than classical computers. This is due to the principles of superposition and entanglement, which allow them to process multiple states simultaneously.

3. **Applications in Various Fields**: Quantum computing has the potential to revolutionize fields such as medicine, finance, artificial intelligence, and cryptography. For instance, it can be used for portfolio optimization in finance and for modeling complex biological systems in medicine.

4. **Advancements in Research**: Quantum computing can help in understanding complex phenomena in physics, chemistry, and biology. It can also aid in the development of new materials and technologies.

5. **Future of Computing**: Quantum computing represents a fundamental shift in the way computers process information. It has the potential to change the core of computing and could lead to new breakthroughs in various fields.

Overall, quantum computing offers a powerful tool for tackling complex problems and has the potential to transform many areas of science and technology.",1,1432,[[53.388992]],5
What are the applications of machine learning in healthcare?,"1. Disease identification and diagnosis: Machine learning algorithms can analyze vast amounts of medical data, such as patient records, lab tests, and imaging results, to help doctors accurately diagnose diseases and conditions.

2. Personalized treatment plans: Machine learning can be used to analyze an individual's health data and recommend personalized treatment plans based on their unique medical history and genetic makeup.

3. Drug discovery and development: Machine learning algorithms can analyze biological and chemical data to identify potential drug candidates, predict their effectiveness, and optimize the drug development process.

4. Patient monitoring and predictive analytics: Machine learning can be used to monitor patients in real-time, analyze their data, and predict health outcomes, allowing healthcare providers to intervene early and prevent complications.

5. Medical image analysis: Machine learning algorithms can analyze medical images, such as X-rays, MRIs, and CT scans, to help radiologists and other healthcare providers detect abnormalities and make more accurate diagnoses.

6. Remote patient monitoring: Machine learning can enable the development of wearable devices and mobile apps that monitor a patient's health data remotely and alert healthcare providers of any concerning changes.

7. Health risk assessment: Machine learning can be used to analyze a person's lifestyle, medical history, and genetic data to assess their risk of developing certain diseases or conditions, allowing for targeted interventions and preventive care.

8. Fraud detection: Machine learning algorithms can be used to analyze healthcare claims data and detect patterns of fraud and abuse, helping to reduce healthcare costs and improve the overall efficiency of the system.",1,1794,[[41.118202]],5
What are the applications of machine learning in healthcare?,Mistral API error occurred.,0,27,[[57.40982]],5
What are the applications of machine learning in healthcare?,"The applications of machine learning in healthcare are diverse and extensive, encompassing various aspects of patient care, diagnosis, treatment, and administrative processes. Here are some key applications:

1. **Disease Identification and Diagnosis**:
   - Machine learning algorithms can analyze medical images such as mammograms and MRI scans to identify cancerous tumors and other abnormalities, enhancing diagnostic accuracy and efficiency.

2. **Personalized Treatment**:
   - ML helps in developing customized treatments by analyzing patients' medical history, symptoms, and test results, allowing doctors to prescribe targeted medications and treatment plans.

3. **Fraud Detection and Prevention**:
   - ML-based systems can detect invalid insurance claims and prevent theft of patient data, thereby reducing financial losses and improving the integrity of healthcare systems.

4. **Early Disease Detection**:
   - ML models can compare new data with historical data to detect diseases in their early stages, enabling timely interventions and better treatment outcomes.

5. **Robot-Assisted Surgery**:
   - ML-powered surgical robots enhance the accuracy and speed of surgical procedures, reducing risks and improving patient recovery times.

6. **Automating Image Diagnosis**:
   - ML algorithms can automate the diagnosis of medical images, reducing the workload of radiologists and improving the speed of diagnosis.

7. **Clinical Research and Trials**:
   - ML assists in the design and analysis of clinical trials, helping researchers identify the most effective treatment options and improving the efficiency of clinical research.

8. **Drug Discovery and Development**:
   - ML accelerates the discovery and development of new drugs by analyzing large datasets of genetic sequences and identifying potential therapeutic compounds.

9. **Patient Engagement and Education**:
   - ML-based tools can provide personalized health advice and educational resources to patients, improving their understanding of their conditions and treatment plans.

10. **EHR Management**:
    - ML streamlines the management of electronic health records (EHRs), improving data processing efficiency and reducing administrative burdens on healthcare professionals.

11. **Virtual Nursing and Patient Monitoring**:
    - ML can automate routine tasks such as monitoring vital signs and patient data, allowing nurses to focus on more complex patient care.

12. **Predictive Analytics**:
    - ML models can predict patient outcomes, enabling healthcare providers to proactively manage patient care and reduce hospital readmissions.

13. **Fraud Detection in Medical Claims**:
    - ML systems can identify suspicious claims and prevent fraudulent activities, ensuring that only legitimate claims are processed and paid.

14. **Enhanced Patient Safety**:
    - ML can detect early indicators of serious illnesses, reducing the risk of adverse outcomes and improving patient safety.

These applications demonstrate the significant impact of machine learning on various aspects of healthcare, from improving patient outcomes to enhancing operational efficiency.",1,3150,[[32.68061]],5
How does blockchain technology work?,"Blockchain technology works by creating a decentralized and secure database (or ledger) of transactions that is shared among a network of computers (nodes). Each transaction is recorded in a block, which contains a unique identifier (hash), the transaction details, and a reference to the previous block. 

When a new transaction is made, it is verified by the network of nodes through a process called consensus. Once the majority of nodes validate the transaction, it is added to a new block and linked to the previous block, forming a chain of blocks (hence the name blockchain). This chain is time-stamped and immutable, meaning that once a block is added to the chain, it cannot be altered or deleted. 

Blockchain technology uses cryptographic techniques to ensure the security and integrity of the data stored in the ledger. Transactions are encrypted and authenticated using public and private keys, making it virtually impossible for hackers to tamper with the data. This decentralized and transparent nature of blockchain technology makes it an ideal solution for a wide range of applications, including financial transactions, supply chain management, voting systems, and healthcare records, among others.",1,1216,[[41.721695]],5
How does blockchain technology work?,Mistral API error occurred.,0,27,[[59.312626]],5
How does blockchain technology work?,"Blockchain technology works through a decentralized, distributed ledger system that records transactions across multiple computers, ensuring security and immutability. Here are the key steps and features of how blockchain works:

1. **Transaction Input**: An authorized participant inputs a transaction, which is authenticated by the blockchain technology.

2. **Block Creation**: The transaction creates a block, which represents the specific transaction or data. This block is sent to every computer node in the network.

3. **Validation and Addition**: Authorized nodes validate transactions and add the block to the existing blockchain. This process involves a computational process called validation or consensus, where a majority of nodes must agree on the new block's authenticity.

4. **Hashing**: Each block contains a cryptographic hash of the previous block, a timestamp, and transaction data. The hash is a unique alphanumeric string that helps link blocks together and prevents tampering.

5. **Consensus Mechanism**: The blockchain uses consensus mechanisms like proof of work (PoW) or proof of stake (PoS) to ensure that all nodes agree on the validity of transactions before they are added to the blockchain.

6. **Decentralization**: Blockchain is decentralized, meaning there is no central authority. Instead, control is distributed across a peer-to-peer network of interconnected computers, or nodes, which maintain copies of the blockchain and keep the network functioning.

7. **Immutability**: Once a block is added, it cannot be changed. If someone attempts to alter a block, the hashes for previous and subsequent blocks will also change, disrupting the ledger's shared state.

8. **Consensus Failure**: If consensus is no longer possible, other computers in the network are aware of the problem, and no new blocks will be added until the issue is resolved. Typically, the block causing the error will be discarded, and the consensus process will be repeated.

These steps ensure that blockchain technology provides a secure, transparent, and tamper-proof record of transactions, making it suitable for various applications beyond cryptocurrencies.",1,2172,[[29.57561]],5
What are the benefits of renewable energy?,"1. Reduced environmental impact: Renewable energy sources such as wind, solar, and hydropower produce lower greenhouse gas emissions and have less impact on the environment compared to fossil fuels. This can help mitigate climate change and protect ecosystems.

2. Energy security: Renewable energy sources are abundant and widely distributed, reducing reliance on imported fossil fuels and increasing energy independence.

3. Economic benefits: The renewable energy sector creates jobs and stimulates economic growth. It can also lower energy costs for consumers by increasing competition and diversifying energy sources.

4. Public health improvements: Renewable energy sources do not produce harmful air pollutants or greenhouse gases, leading to improved air quality and reduced health risks for communities.

5. Sustainable development: Investing in renewable energy promotes sustainable development by ensuring a stable and reliable energy supply for future generations.

6. Innovation and technological advancement: The growth of the renewable energy sector drives innovation and technological advancements in clean energy technologies, leading to improvements in efficiency and cost-effectiveness.

7. Energy diversification: Using a mix of renewable energy sources diversifies the energy supply, reducing the risk of supply disruptions and price volatility.",1,1366,[[42.051407]],5
What are the benefits of renewable energy?,Mistral API error occurred.,0,27,[[56.827652]],5
What are the benefits of renewable energy?,"The benefits of renewable energy include:

1. **Environmental Benefits**:
   - Produces no greenhouse gas emissions from fossil fuels, reducing air pollution.
   - Diversifies energy supply and reduces dependence on imported fuels.
   - Reduces emissions of harmful gases such as nitrogen oxides, sulfur dioxide, and carbon dioxide.

2. **Economic Benefits**:
   - Creates economic development and jobs in manufacturing, installation, and other sectors.
   - Can be cheaper than traditional fossil fuels in most cases.

3. **Health Benefits**:
   - Reduces the need for fossil fuel power generation, leading to fewer emissions and improved public health.
   - Can have significant health benefits worth millions of dollars annually, depending on the project and location.

4. **Local Development**:
   - Local governments can lead by example by generating energy on-site, purchasing green power, or purchasing renewable energy from utilities.
   - On-site power generation provides direct access to renewable energy and improves power quality and supply reliability.",1,1066,[[46.237717]],5
Describe the process of photosynthesis.,"Photosynthesis is the process by which plants, algae, and some bacteria convert light energy, usually from the sun, into chemical energy in the form of glucose. This process consists of two main stages: the light-dependent reactions and the light-independent reactions (Calvin cycle).

1. Light-dependent reactions:
- These reactions take place in the thylakoid membranes of chloroplasts in plant cells. 
- The chlorophyll molecules in the thylakoid membranes absorb light energy, exciting their electrons to a higher energy level.
- The excited electrons are passed along a series of electron transport chains, leading to the pumping of hydrogen ions from the stroma into the thylakoid space.
- The flow of hydrogen ions back into the stroma through ATP synthase enzyme produces ATP, which is a form of chemical energy.
- The excited electrons are eventually captured by molecules like NADP+, forming NADPH, which is another form of chemical energy.

2. Calvin cycle (light-independent reactions):
- These reactions take place in the stroma of the chloroplast.
- Carbon dioxide from the atmosphere is captured by the enzyme RuBisCO and combined with a 5-carbon compound, resulting in the formation of a 6-carbon compound that immediately splits into two 3-carbon compounds (3-phosphoglycerate).
- ATP and NADPH from the light-dependent reactions are used to convert the 3-carbon compounds into a 3-carbon sugar, known as glyceraldehyde-3-phosphate (G3P).
- Some G3P molecules are used to regenerate the 5-carbon compound, allowing the cycle to continue. Others are used to produce glucose, which can be used for energy or stored for later use.

Overall, photosynthesis is a crucial process that provides the energy necessary for the growth and survival of plants and other photosynthetic organisms, while also producing oxygen as a byproduct.",1,1843,[[38.13215]],5
Describe the process of photosynthesis.,Mistral API error occurred.,0,27,[[60.532402]],5
Describe the process of photosynthesis.,"Photosynthesis is the process by which plants, algae, and some microorganisms convert light energy from the sun into chemical energy in the form of glucose. This process occurs in specialized organelles called chloroplasts, which contain the pigment chlorophyll.

### Steps of Photosynthesis:

1. **Light-Dependent Reactions**:
   - **Chlorophyll Absorption**: Chlorophyll in the thylakoid membranes of chloroplasts absorbs light energy from the sun.
   - **Electron Transport**: This energy is used to drive the transfer of electrons from water molecules to oxygen, producing oxygen gas (O₂) and hydrogen ions (H+).
   - **ATP and NADPH Production**: The energy from the electron transport chain is used to produce ATP and NADPH, which are used in the next stage of photosynthesis.

2. **Light-Independent Reactions** (Calvin Cycle):
   - **Carbon Fixation**: The ATP and NADPH produced in the light-dependent reactions are used to convert carbon dioxide into glucose (C₆H₁₂O₆) and other organic compounds.
   - **Glucose Production**: The Calvin cycle involves several enzyme-catalyzed reactions that convert CO₂ into glucose. This stage does not require light energy directly but uses the energy stored in ATP and NADPH from the light-dependent reactions.

### Summary:
Photosynthesis involves two main stages: the light-dependent reactions that convert light energy into ATP and NADPH, and the light-independent reactions that use these energy carriers to convert CO₂ into glucose. The overall reaction can be summarized as:

\[ 6CO_2 + 6H_2O + Light \rightarrow C_6H_{12}O_6 + 6O_2 \]

Photosynthesis is essential for life on Earth as it provides oxygen and serves as the primary source of energy for most living organisms.",1,1728,[[37.96439]],5
What is the impact of climate change on polar bears?,"Climate change has a significant impact on polar bears as their natural habitat, the Arctic, is rapidly decreasing in size due to rising temperatures. This results in fewer opportunities for polar bears to hunt for seals, their primary food source. 

Furthermore, as the sea ice melts earlier in the year and forms later, polar bears are forced to travel longer distances to find food, leading to increased energy expenditure and reduced chances of survival. This can also result in conflicts with humans as polar bears come closer to inhabited areas in search of food.

Additionally, climate change is causing a decline in the population of seals, which are the main prey of polar bears. This further threatens the survival of polar bears as they rely heavily on seals for their nutrition and energy needs.

Overall, the impact of climate change on polar bears is severe and is leading to a decrease in their population and their ability to thrive in their natural habitat. Measures to mitigate climate change and protect the Arctic ecosystem are crucial for the conservation of polar bears and other species that depend on the region for survival.",1,1149,[[48.2255]],5
What is the impact of climate change on polar bears?,Mistral API error occurred.,0,27,[[55.39817]],5
What is the impact of climate change on polar bears?,"The impact of climate change on polar bears is severe and multifaceted:

1. **Sea Ice Loss**: Polar bears rely heavily on sea ice for hunting, mating, and traveling. The rapid melting of sea ice due to global warming is reducing their habitat, making it harder for them to find food and mate. This loss of sea ice also forces polar bears to swim longer distances, which is energy-intensive and can lead to malnutrition and increased human-bear conflicts.

2. **Food Supply Decline**: The warming Arctic Ocean leads to a decrease in phytoplankton and zooplankton, which are the primary food sources for seals, the main prey of polar bears. This decline in the food chain affects the seal populations, reducing the food supply available to polar bears.

3. **Behavioral Changes**: Polar bears are adapting by foraging for food on land and swimming more to hunt for prey. However, these changes put them at risk of increased human-bear conflicts and expose them to new threats such as disease and pollution.

4. **Population Decline**: As sea ice diminishes, polar bears are finding it harder to survive, leading to population declines. Scientists project that more than half of the polar bear population will spend three to four months on land by 2040, increasing the likelihood of conflicts with humans and reducing their overall survival rates.

5. **Increased Human-Bear Conflicts**: As polar bears spend more time on land, they are more likely to encounter humans, leading to conflicts and potential harm to both species. This is particularly concerning in areas where human activities, such as oil and gas exploration, overlap with polar bear habitats.

6. **Disease and Pollution**: The warming Arctic is also increasing the risk of disease and exposure to pollutants. Polar bears are already affected by high levels of toxic chemicals and are at risk of more diseases as human activities and the migration of lower-latitude species into the Arctic increase.

Overall, the impacts of climate change on polar bears are significant, and without drastic reductions in greenhouse gas emissions, their populations are expected to decline further.",1,2145,[[36.87551]],5
How do vaccines work?,"Vaccines work by stimulating the immune system to produce an immune response to specific harmful pathogens, such as bacteria or viruses. When a person is vaccinated, a small amount of the pathogen or a component of it is introduced into the body. This triggers the immune system to recognize the pathogen as a threat and produce antibodies to fight it off.

The immune system also creates memory cells that ""remember"" the specific pathogen so that if the person is exposed to the actual pathogen in the future, their immune system can respond quickly and effectively to prevent infection or reduce the severity of the illness.

Overall, vaccines help to build immunity against harmful pathogens and protect individuals and communities from infectious diseases.",1,760,[[49.217457]],5
How do vaccines work?,Mistral API error occurred.,0,27,[[58.520535]],5
How do vaccines work?,"Vaccines work by introducing small, harmless parts of a disease-causing germ (antigen) into the body. This triggers the immune system to respond by producing antibodies and memory cells. These antibodies and memory cells help the body recognize and fight off the actual germ if it is encountered in the future, thereby preventing disease.

Key points include:

- **Antigens**: Vaccines contain weakened or dead versions of the germ, which are recognized by the immune system as foreign substances.
- **Immune Response**: The immune system produces antibodies and memory cells that help fight off the germ. Antibodies bind to the germ, marking it for destruction by immune cells, while memory cells provide long-term protection.
- **Community Immunity**: When a large portion of a community is vaccinated, it creates herd immunity, protecting those who cannot be vaccinated, such as infants and immunocompromised individuals.
- **Types of Vaccines**: Vaccines can be made from killed or weakened germs, or they can contain the genetic material of the germ, which instructs the body to produce the antigen itself.

Overall, vaccines teach the immune system to recognize and fight specific pathogens, providing protection without the risks associated with actual infection.",1,1270,[[41.153496]],5
Explain the theory of relativity.,"The theory of relativity, developed by Albert Einstein in the early 20th century, consists of two main components: special relativity and general relativity.

Special relativity fundamentally changed our understanding of space and time. It posits that the laws of physics are the same for all non-accelerating observers, and that the speed of light in a vacuum is constant for all observers, regardless of their relative motion. This leads to some counterintuitive consequences, such as time dilation (the idea that time can appear to pass at different rates for different observers) and length contraction (the idea that objects can appear shorter when they are moving at high speeds).

General relativity builds on special relativity by incorporating the effects of gravity. According to general relativity, massive objects like planets and stars warp the fabric of spacetime around them, causing other objects to move along curved paths. This explains phenomena such as the bending of light around massive objects like black holes, as well as the expansion of the universe itself.

Overall, the theory of relativity has profound implications for our understanding of the nature of space, time, and gravity, and has been confirmed through numerous experimental tests and observations. It remains one of the most successful and influential theories in modern physics.",1,1368,[[49.058113]],5
Explain the theory of relativity.,Mistral API error occurred.,0,27,[[62.96482]],5
Explain the theory of relativity.,"The theory of relativity, developed by Albert Einstein, encompasses two interrelated theories: special relativity and general relativity. Here is a detailed explanation of each:

### Special Relativity
- **Key Postulates**:
  - The laws of physics are the same for all observers in any inertial frame of reference relative to one another (principle of relativity).
  - The speed of light in vacuum is the same for all observers, regardless of their relative motion or of the motion of the light source.
- **Consequences**:
  - **Relativity of Simultaneity**: Two events, simultaneous for one observer, may not be simultaneous for another observer if the observers are in relative motion.
  - **Time Dilation**: Moving clocks are measured to tick more slowly than an observer's ""stationary"" clock.
  - **Length Contraction**: Objects are measured to be shortened in the direction that they are moving with respect to the observer.
  - **Maximum Speed**: No physical object, message, or field line can travel faster than the speed of light in vacuum.
  - **Mass-Energy Equivalence**: \( E = mc^2 \), energy and mass are equivalent and transmutable.
- **Applications**: Special relativity applies to all physical phenomena in the absence of gravity, including high-energy physics and cosmology.

### General Relativity
- **Key Concept**: Gravity is not a force but the result of massive objects warping space-time.
- **Equation**: The Einstein equation describes how matter curves space-time.
- **Consequences**:
  - **Gravitational Lensing**: Massive objects, such as black holes, bend light, causing it to act as a lens for objects behind them.
  - **Time Dilation and Length Contraction**: These effects also occur in gravitational fields, but they are more pronounced near massive objects.
  - **Black Holes**: Extremely massive objects can warp space-time so much that they create a region from which nothing, not even light, can escape.
- **Applications**: General relativity explains the law of gravitation and its relation to the forces of nature, and it applies to the cosmological and astrophysical realm, including astronomy and cosmology.

### Summary
- **Special Relativity**: Describes how space and time are relative to the observer and how the speed of light is constant.
- **General Relativity**: Describes how gravity is the result of massive objects warping space-time and how this warping affects the motion of objects.

Both theories have been extensively tested and have had profound impacts on our understanding of the universe and the laws of physics.",1,2572,[[37.707718]],5
What are the effects of deforestation?,"1. Loss of biodiversity: Deforestation results in the destruction of habitats for numerous plant and animal species, leading to a loss of biodiversity.

2. Climate change: Trees play a crucial role in regulating the Earth's climate by absorbing carbon dioxide from the atmosphere. Deforestation increases the concentration of greenhouse gases, contributing to global warming and climate change.

3. Soil erosion: The removal of trees and vegetation exposes the soil to erosion by wind and water, leading to soil degradation and reduced fertility.

4. Disruption of water cycles: Trees help to regulate the water cycle by absorbing and releasing water through transpiration. Deforestation can disrupt this cycle, leading to changes in local rainfall patterns and increased risk of flooding and drought.

5. Loss of ecosystem services: Forests provide a wide range of ecosystem services, including air and water purification, pollination, and regulation of temperature and rainfall. Deforestation can result in the loss of these services, affecting both local and global ecosystems.

6. Impact on indigenous peoples: Many indigenous communities rely on forests for their livelihoods, as a source of food, medicine, and spiritual connection. Deforestation can disrupt these traditional ways of life and lead to social and cultural impacts on indigenous peoples.

7. Increased risk of wildfires: Deforested areas are more prone to wildfires, as there is less vegetation to act as a natural barrier against the spread of fires.

8. Loss of economic opportunities: Forests provide valuable resources such as timber, non-timber forest products, and ecotourism opportunities. Deforestation can lead to a loss of these economic opportunities for local communities and countries that depend on forests for income.",1,1803,[[44.55141]],5
What are the effects of deforestation?,Mistral API error occurred.,0,27,[[56.73928]],5
What are the effects of deforestation?,"Deforestation has numerous negative effects on the environment, human health, and ecosystems:

1. **Climate Change**: Deforestation worsens climate change by releasing stored carbon into the atmosphere and reducing the ability of forests to absorb carbon dioxide.

2. **Air Pollution**: The removal of trees increases air pollution by reducing the amount of oxygen produced and increasing the amount of pollutants in the air.

3. **Soil Erosion**: Deforestation leads to increased soil erosion, which can cause the loss of fertile land and crops, as well as contribute to climate change by releasing stored carbon.

4. **Biodiversity Loss**: Deforestation significantly reduces biodiversity by destroying habitats and making it difficult for species to adapt to new environments, leading to extinction.

5. **Water Cycle Disruption**: Deforestation disrupts the water cycle by altering precipitation patterns and river flow, which can lead to changes in local weather patterns.

6. **Increased Risk of Pandemics**: Deforestation increases the risk of pandemics by allowing humans to come into contact with animals more frequently, facilitating the transmission of diseases from animals to humans.

7. **Food Insecurity**: Deforestation can lead to food insecurity by reducing the availability of food sources and making it difficult for local communities to grow crops due to soil degradation and changes in weather patterns.

8. **Economic and Social Impacts**: Deforestation can disrupt local economies and livelihoods, particularly in rural communities that depend on forests for subsistence and income.

These effects highlight the urgent need to address and mitigate deforestation to protect the environment and ensure sustainable development.",1,1748,[[42.69731]],5
How does the internet work?,"The internet is a global network of computers that are interconnected through various communication devices and protocols. It operates through the use of a system known as the Internet Protocol (IP), which allows different devices to communicate with each other by sending and receiving data packets.

When a user requests information from a website, their device sends a request to a server, which processes the request and sends back the requested data in the form of data packets. These packets are then reassembled by the user's device to display the requested information on their screen.

The internet relies on a series of physical infrastructure, such as cables, satellites, and routers, to transmit data across vast distances. This infrastructure is managed by internet service providers (ISPs), who provide users with access to the internet through various means, such as dial-up, DSL, cable, or fiber-optic connections.

Overall, the internet works by enabling devices to communicate with each other over long distances, allowing users to access and share information in real-time.",1,1092,[[41.791573]],5
How does the internet work?,Mistral API error occurred.,0,27,[[57.122215]],5
How does the internet work?,"The internet works by connecting a vast network of computers and devices through a series of interconnected networks. Here are the key components and processes involved:

1. **Network of Networks**:
   - The internet is a network of networks, where each network is a local area network (LAN) connected to other LANs through routers and other networking devices.
   - This structure allows for the creation of a global network by connecting multiple LANs, forming a network of networks.

2. **Internet Protocol (IP)**:
   - Each device on the internet is assigned a unique IP address, which is used to identify and locate the device.
   - IP addresses are used to route data packets between devices, ensuring that the data reaches its intended destination.

3. **Data Transmission**:
   - Data is transmitted in small packets, each containing the IP address of the sender and the receiver. These packets are routed through the network using routers and other networking devices.
   - The packets are sent in a decentralized manner to ensure that the network remains functional even if parts of it are damaged or unavailable.

4. **Domain Name System (DNS)**:
   - DNS servers translate human-readable domain names (e.g., www.example.com) into IP addresses, making it easier for users to access websites and other online resources.
   - When a user types a domain name into a web browser, the browser sends a request to a DNS server, which returns the corresponding IP address.

5. **Internet Service Providers (ISPs)**:
   - ISPs provide the physical infrastructure and connectivity to the internet. They manage the routers and other networking equipment that connect individual networks to the internet.
   - ISPs also provide internet access to users through various technologies such as dial-up, cable, and fiber-optic connections.

6. **Protocols**:
   - Various protocols are used to facilitate communication over the internet. Examples include HTTP (Hypertext Transfer Protocol) for web browsing, SMTP (Simple Mail Transfer Protocol) for email, and TCP (Transmission Control Protocol) for ensuring reliable data transmission.

In summary, the internet works by connecting a vast network of computers and devices through a series of interconnected networks, using IP addresses for identification and routing, DNS for domain name translation, and various protocols for facilitating communication.",1,2399,[[27.147154]],5
